movie_id,title,language,year,genres,emotion_tags,rating,runtime_min,view_count
100000,Movie_100000,Hindi,2025,Thriller|Family,tense,5.2,103,355785
100001,Movie_100001,Kannada,2025,Drama|Family,sad,5.0,119,265951
100002,Movie_100002,Kannada,2025,Family,warm,8.0,143,116574
100003,Movie_100003,Kannada,2026,Drama|Romance,sad,8.0,133,146684
100004,Movie_100004,Tamil,2025,Action|Family,excited,6.4,135,445331
100005,Movie_100005,Kannada,2026,Drama|Fantasy,sad,7.2,138,42313
100006,Movie_100006,Bengali,2026,Crime|Thriller,suspense,8.0,95,347692
100007,Movie_100007,Bengali,2025,Action|Thriller,excited,8.8,138,146738
100008,Movie_100008,Marathi,2026,Romance|Horror,romantic,6.3,175,140973
100009,Movie_100009,Kannada,2025,Biopic,inspired,8.1,110,243357
100010,Movie_100010,Telugu,2026,Family,warm,6.1,97,121087
100011,Movie_100011,Bengali,2025,Sci-Fi|Comedy,curious,4.8,162,460469
100012,Movie_100012,Tamil,2026,Sci-Fi|Fantasy,curious,5.2,107,130303
100013,Movie_100013,Marathi,2026,Crime|Sci-Fi,suspense,6.3,107,268138
100014,Movie_100014,Hindi,2026,Action,excited,5.3,110,416277
100015,Movie_100015,Kannada,2026,Sci-Fi,curious,6.4,149,278408
100016,Movie_100016,Kannada,2026,Family,warm,8.1,177,464883
100017,Movie_100017,Bengali,2026,Action|Comedy,excited,6.7,148,2701
100018,Movie_100018,Kannada,2026,Biopic,inspired,9.1,170,157471
100019,Movie_100019,Tamil,2025,Romance|Biopic,romantic,9.3,157,482555
100020,Movie_100020,Kannada,2025,Fantasy|Drama,wonder,5.1,136,461703
100021,Movie_100021,Tamil,2026,Thriller,tense,8.9,100,45907
100022,Movie_100022,Bengali,2026,Biopic,inspired,8.3,106,346899
100023,Movie_100023,Kannada,2026,Comedy,happy,7.1,167,222846
100024,Movie_100024,Kannada,2025,Comedy,happy,6.5,175,341723
100025,Movie_100025,Malayalam,2026,Action|Thriller,excited,5.6,133,12028
100026,Movie_100026,Kannada,2025,Drama,sad,4.9,170,31866
100027,Movie_100027,Hindi,2025,Horror,fear,4.9,120,147002
100028,Movie_100028,Tamil,2026,Crime,suspense,7.4,121,412366
100029,Movie_100029,Bengali,2026,Thriller|Action,tense,5.0,145,186753
100030,Movie_100030,Malayalam,2026,Drama|Action,sad,4.8,133,420741
100031,Movie_100031,Tamil,2025,Thriller,tense,7.2,107,222187
100032,Movie_100032,Telugu,2025,Thriller|Action,tense,6.7,160,52332
100033,Movie_100033,Marathi,2025,Action,excited,9.1,120,88194
100034,Movie_100034,Malayalam,2026,Thriller|Sci-Fi,tense,9.0,111,199691
100035,Movie_100035,Malayalam,2025,Fantasy|Comedy,wonder,6.6,161,348011
100036,Movie_100036,Tamil,2026,Comedy,happy,5.6,97,304657
100037,Movie_100037,Marathi,2025,Drama|Family,sad,7.4,154,483023
100038,Movie_100038,Hindi,2025,Romance,romantic,4.8,98,355005
100039,Movie_100039,Malayalam,2025,Crime,suspense,5.7,166,21836
100040,Movie_100040,Malayalam,2025,Comedy|Thriller,happy,7.8,130,126140
100041,Movie_100041,Malayalam,2026,Family,warm,7.7,148,166767
100042,Movie_100042,Hindi,2025,Crime|Family,suspense,9.5,99,282875
100043,Movie_100043,Kannada,2025,Romance|Horror,romantic,8.9,121,194738
100044,Movie_100044,Tamil,2026,Biopic|Comedy,inspired,7.6,173,278317
100045,Movie_100045,Marathi,2025,Family|Action,warm,9.2,107,139656
100046,Movie_100046,Hindi,2025,Comedy,happy,5.9,116,377235
100047,Movie_100047,Tamil,2026,Biopic|Fantasy,inspired,5.8,96,49390
100048,Movie_100048,Bengali,2026,Drama|Family,sad,6.2,106,335030
100049,Movie_100049,Tamil,2026,Biopic|Sci-Fi,inspired,7.3,104,40449
100050,Movie_100050,Kannada,2025,Horror,fear,7.4,108,226332
100051,Movie_100051,Hindi,2025,Horror|Drama,fear,9.0,116,358599
100052,Movie_100052,Marathi,2025,Horror,fear,8.4,142,326405
100053,Movie_100053,Tamil,2025,Romance,romantic,8.9,93,95036
100054,Movie_100054,Bengali,2026,Family|Thriller,warm,5.8,179,57673
100055,Movie_100055,Bengali,2026,Fantasy,wonder,5.6,148,184321
100056,Movie_100056,Bengali,2026,Thriller,tense,4.6,114,209910
100057,Movie_100057,Telugu,2026,Comedy,happy,6.3,155,210546
100058,Movie_100058,Hindi,2026,Comedy,happy,5.4,123,21057
100059,Movie_100059,Kannada,2025,Horror|Family,fear,6.7,155,61631
100060,Movie_100060,Kannada,2026,Comedy,happy,4.7,145,1886
100061,Movie_100061,Telugu,2025,Action|Horror,excited,7.6,174,445604
100062,Movie_100062,Marathi,2025,Biopic|Comedy,inspired,7.8,131,211973
100063,Movie_100063,Kannada,2026,Thriller,tense,6.6,138,356109
100064,Movie_100064,Kannada,2025,Sci-Fi|Biopic,curious,8.7,128,151425
100065,Movie_100065,Malayalam,2025,Fantasy|Family,wonder,6.7,117,269002
100066,Movie_100066,Bengali,2026,Family,warm,4.9,155,349050
100067,Movie_100067,Hindi,2026,Family,warm,6.1,115,78255
100068,Movie_100068,Hindi,2025,Fantasy,wonder,7.6,99,239769
100069,Movie_100069,Marathi,2026,Sci-Fi,curious,7.0,121,78369
100070,Movie_100070,Bengali,2025,Sci-Fi,curious,5.6,179,272559
100071,Movie_100071,Hindi,2026,Action,excited,6.8,149,351002
100072,Movie_100072,Bengali,2026,Crime|Biopic,suspense,6.6,160,234787
100073,Movie_100073,Marathi,2025,Fantasy|Comedy,wonder,8.3,171,146391
100074,Movie_100074,Marathi,2026,Comedy,happy,6.7,126,123942
100075,Movie_100075,Telugu,2026,Biopic|Action,inspired,5.2,119,201820
100076,Movie_100076,Marathi,2025,Action,excited,6.6,132,285484
100077,Movie_100077,Malayalam,2026,Thriller,tense,8.7,139,475395
100078,Movie_100078,Bengali,2025,Fantasy|Drama,wonder,9.2,128,396037
100079,Movie_100079,Bengali,2026,Biopic|Family,inspired,8.5,118,256972
100080,Movie_100080,Telugu,2025,Fantasy|Drama,wonder,6.4,175,357065
100081,Movie_100081,Marathi,2026,Fantasy,wonder,9.1,169,281034
100082,Movie_100082,Malayalam,2025,Action,excited,7.7,107,455479
100083,Movie_100083,Tamil,2026,Comedy,happy,6.4,117,239393
100084,Movie_100084,Telugu,2026,Comedy|Sci-Fi,happy,5.8,100,247576
100085,Movie_100085,Marathi,2025,Horror,fear,5.6,98,410591
100086,Movie_100086,Bengali,2025,Thriller,tense,5.5,92,326758
100087,Movie_100087,Tamil,2025,Fantasy,wonder,7.8,162,497897
100088,Movie_100088,Malayalam,2025,Horror|Romance,fear,7.5,104,408786
100089,Movie_100089,Telugu,2025,Crime,suspense,4.6,129,302883
100090,Movie_100090,Malayalam,2026,Action,excited,7.5,170,128323
100091,Movie_100091,Marathi,2025,Family|Crime,warm,8.5,162,411326
100092,Movie_100092,Telugu,2025,Family|Horror,warm,4.8,172,179903
100093,Movie_100093,Bengali,2025,Fantasy|Action,wonder,6.7,136,334229
100094,Movie_100094,Marathi,2026,Sci-Fi,curious,5.4,156,342027
100095,Movie_100095,Kannada,2026,Fantasy|Sci-Fi,wonder,8.6,165,141716
100096,Movie_100096,Bengali,2026,Action,excited,5.9,147,128854
100097,Movie_100097,Kannada,2026,Horror|Drama,fear,7.0,131,96336
100098,Movie_100098,Tamil,2026,Comedy|Horror,happy,5.9,166,368622
100099,Movie_100099,Kannada,2026,Biopic,inspired,9.2,100,127540
100100,Movie_100100,Malayalam,2026,Fantasy,wonder,7.7,152,235972
100101,Movie_100101,Hindi,2025,Thriller|Sci-Fi,tense,8.0,129,349106
100102,Movie_100102,Malayalam,2026,Sci-Fi|Biopic,curious,6.2,179,238893
100103,Movie_100103,Telugu,2026,Thriller|Action,tense,8.1,130,63681
100104,Movie_100104,Tamil,2025,Fantasy,wonder,5.9,165,399567
100105,Movie_100105,Hindi,2026,Comedy,happy,5.6,112,159475
100106,Movie_100106,Marathi,2025,Comedy,happy,4.7,96,291119
100107,Movie_100107,Marathi,2026,Family,warm,8.8,152,54785
100108,Movie_100108,Kannada,2025,Fantasy|Family,wonder,6.7,113,27936
100109,Movie_100109,Bengali,2026,Action|Family,excited,6.5,99,303525
100110,Movie_100110,Tamil,2025,Crime,suspense,9.2,100,131123
100111,Movie_100111,Kannada,2025,Crime|Family,suspense,8.5,118,407686
100112,Movie_100112,Malayalam,2026,Comedy|Crime,happy,9.5,129,299125
100113,Movie_100113,Kannada,2025,Thriller,tense,7.6,123,347254
100114,Movie_100114,Tamil,2025,Romance,romantic,7.3,110,2402
100115,Movie_100115,Malayalam,2026,Comedy|Drama,happy,5.7,180,149225
100116,Movie_100116,Hindi,2026,Comedy,happy,8.4,170,310219
100117,Movie_100117,Malayalam,2025,Biopic,inspired,5.6,109,477269
100118,Movie_100118,Bengali,2026,Action,excited,4.8,129,312974
100119,Movie_100119,Malayalam,2026,Fantasy,wonder,7.9,179,212030
100120,Movie_100120,Kannada,2026,Fantasy|Action,wonder,7.5,145,386107
100121,Movie_100121,Kannada,2026,Drama|Action,sad,5.6,176,439283
100122,Movie_100122,Bengali,2025,Crime|Drama,suspense,8.3,112,247677
100123,Movie_100123,Telugu,2026,Crime,suspense,6.7,152,48837
100124,Movie_100124,Telugu,2026,Horror|Family,fear,7.9,110,173912
100125,Movie_100125,Marathi,2026,Comedy|Sci-Fi,happy,8.6,160,20239
100126,Movie_100126,Hindi,2026,Comedy|Horror,happy,5.1,141,454462
100127,Movie_100127,Marathi,2025,Sci-Fi|Drama,curious,5.4,136,327439
100128,Movie_100128,Marathi,2026,Drama|Thriller,sad,5.8,106,487367
100129,Movie_100129,Malayalam,2026,Action|Drama,excited,9.4,167,420070
100130,Movie_100130,Marathi,2025,Comedy,happy,7.3,160,214904
100131,Movie_100131,Tamil,2025,Fantasy,wonder,9.2,172,437282
100132,Movie_100132,Malayalam,2025,Biopic|Comedy,inspired,6.6,151,248579
100133,Movie_100133,Malayalam,2025,Sci-Fi,curious,5.5,166,267464
100134,Movie_100134,Bengali,2025,Comedy,happy,8.4,143,179192
100135,Movie_100135,Bengali,2026,Comedy,happy,8.1,165,305046
100136,Movie_100136,Bengali,2026,Fantasy,wonder,7.2,134,175294
100137,Movie_100137,Malayalam,2026,Thriller|Family,tense,7.4,119,449797
100138,Movie_100138,Hindi,2026,Fantasy|Sci-Fi,wonder,6.4,174,416442
100139,Movie_100139,Malayalam,2025,Romance,romantic,7.0,165,175060
100140,Movie_100140,Bengali,2025,Action|Biopic,excited,9.1,91,379768
100141,Movie_100141,Malayalam,2025,Action,excited,6.8,123,178503
100142,Movie_100142,Marathi,2026,Horror,fear,8.8,158,200234
100143,Movie_100143,Marathi,2026,Biopic|Drama,inspired,7.6,120,331910
100144,Movie_100144,Tamil,2026,Sci-Fi,curious,9.4,171,370041
100145,Movie_100145,Malayalam,2025,Comedy,happy,9.0,95,171065
100146,Movie_100146,Telugu,2025,Horror|Sci-Fi,fear,5.2,157,217033
100147,Movie_100147,Tamil,2025,Action,excited,7.5,138,325906
100148,Movie_100148,Malayalam,2025,Thriller,tense,6.8,122,241947
100149,Movie_100149,Marathi,2026,Fantasy,wonder,9.0,176,287574
100150,Movie_100150,Hindi,2025,Horror|Crime,fear,6.0,144,362923
100151,Movie_100151,Malayalam,2026,Thriller|Sci-Fi,tense,8.8,103,125364
100152,Movie_100152,Kannada,2026,Crime|Comedy,suspense,9.5,127,12502
100153,Movie_100153,Telugu,2026,Crime,suspense,8.8,96,478425
100154,Movie_100154,Bengali,2026,Thriller|Crime,tense,8.5,118,334771
100155,Movie_100155,Kannada,2025,Family|Romance,warm,7.6,170,339868
100156,Movie_100156,Telugu,2025,Drama|Crime,sad,6.3,106,48255
100157,Movie_100157,Telugu,2026,Romance|Thriller,romantic,5.2,159,460517
100158,Movie_100158,Kannada,2026,Romance|Comedy,romantic,9.1,151,423832
100159,Movie_100159,Marathi,2026,Action|Fantasy,excited,9.3,108,396392
100160,Movie_100160,Bengali,2025,Biopic|Horror,inspired,5.0,140,8297
100161,Movie_100161,Kannada,2026,Fantasy,wonder,6.3,176,138448
100162,Movie_100162,Bengali,2026,Action|Thriller,excited,6.9,169,464593
100163,Movie_100163,Kannada,2026,Family,warm,4.8,149,477781
100164,Movie_100164,Marathi,2026,Action|Romance,excited,4.7,94,160574
100165,Movie_100165,Hindi,2026,Thriller,tense,8.9,107,204762
100166,Movie_100166,Telugu,2026,Crime|Romance,suspense,8.9,173,52915
100167,Movie_100167,Kannada,2026,Comedy|Drama,happy,8.0,117,233460
100168,Movie_100168,Tamil,2026,Action|Horror,excited,7.2,172,189048
100169,Movie_100169,Malayalam,2025,Thriller|Action,tense,9.2,148,49063
100170,Movie_100170,Marathi,2025,Drama,sad,8.4,121,67020
100171,Movie_100171,Hindi,2025,Crime,suspense,5.6,119,173259
100172,Movie_100172,Bengali,2025,Comedy,happy,8.8,108,69153
100173,Movie_100173,Bengali,2026,Action,excited,7.8,93,70102
100174,Movie_100174,Telugu,2025,Crime,suspense,6.1,112,140129
100175,Movie_100175,Tamil,2025,Biopic|Action,inspired,8.2,150,236025
100176,Movie_100176,Kannada,2026,Fantasy,wonder,7.0,168,23735
100177,Movie_100177,Malayalam,2026,Drama,sad,9.5,141,224490
100178,Movie_100178,Malayalam,2025,Action|Family,excited,6.1,108,35436
100179,Movie_100179,Telugu,2025,Sci-Fi|Crime,curious,7.2,148,266054
100180,Movie_100180,Hindi,2026,Family,warm,7.8,160,378927
100181,Movie_100181,Malayalam,2025,Thriller|Sci-Fi,tense,6.2,148,210049
100182,Movie_100182,Marathi,2026,Horror,fear,6.6,175,134635
100183,Movie_100183,Tamil,2026,Action|Family,excited,8.7,101,227427
100184,Movie_100184,Marathi,2025,Romance|Biopic,romantic,4.8,161,295483
100185,Movie_100185,Marathi,2026,Sci-Fi,curious,6.3,175,494423
100186,Movie_100186,Bengali,2026,Comedy,happy,7.5,135,55316
100187,Movie_100187,Tamil,2025,Thriller|Action,tense,6.3,161,193707
100188,Movie_100188,Bengali,2025,Crime|Thriller,suspense,8.5,161,403355
100189,Movie_100189,Kannada,2025,Drama|Romance,sad,5.9,129,484151
100190,Movie_100190,Telugu,2026,Romance,romantic,8.8,162,345637
100191,Movie_100191,Hindi,2026,Family,warm,9.4,101,392177
100192,Movie_100192,Malayalam,2025,Fantasy|Horror,wonder,5.3,129,379324
100193,Movie_100193,Bengali,2026,Drama,sad,5.3,169,27089
100194,Movie_100194,Telugu,2025,Family|Sci-Fi,warm,6.9,146,218151
100195,Movie_100195,Tamil,2026,Horror,fear,6.6,126,356581
100196,Movie_100196,Kannada,2026,Drama|Thriller,sad,6.5,166,29721
100197,Movie_100197,Tamil,2025,Thriller|Romance,tense,8.3,127,173030
100198,Movie_100198,Hindi,2025,Sci-Fi|Romance,curious,5.1,158,369926
100199,Movie_100199,Kannada,2025,Action|Sci-Fi,excited,8.8,95,229704
100200,Movie_100200,Malayalam,2025,Horror,fear,7.4,163,213034
100201,Movie_100201,Telugu,2026,Sci-Fi,curious,4.6,131,91111
100202,Movie_100202,Bengali,2026,Action|Sci-Fi,excited,8.7,121,229419
100203,Movie_100203,Kannada,2026,Sci-Fi,curious,8.9,133,117167
100204,Movie_100204,Bengali,2026,Action,excited,7.1,104,279189
100205,Movie_100205,Bengali,2025,Horror|Romance,fear,5.7,108,135201
100206,Movie_100206,Tamil,2025,Family,warm,4.9,170,260059
100207,Movie_100207,Bengali,2026,Family|Crime,warm,7.7,169,170454
100208,Movie_100208,Tamil,2026,Action|Fantasy,excited,6.7,128,418506
100209,Movie_100209,Kannada,2026,Horror,fear,7.0,129,243086
100210,Movie_100210,Hindi,2026,Horror,fear,8.7,99,338990
100211,Movie_100211,Kannada,2025,Fantasy|Crime,wonder,7.3,95,236789
100212,Movie_100212,Telugu,2025,Biopic|Romance,inspired,9.3,147,55264
100213,Movie_100213,Marathi,2026,Biopic,inspired,7.7,95,130889
100214,Movie_100214,Malayalam,2026,Horror,fear,6.4,126,204117
100215,Movie_100215,Bengali,2026,Family|Crime,warm,4.8,170,340374
100216,Movie_100216,Hindi,2026,Action|Biopic,excited,7.9,126,133118
100217,Movie_100217,Telugu,2025,Crime,suspense,7.8,134,163650
100218,Movie_100218,Tamil,2026,Comedy,happy,7.3,172,416058
100219,Movie_100219,Bengali,2026,Family,warm,8.0,177,479385
100220,Movie_100220,Marathi,2025,Biopic|Horror,inspired,4.6,129,95509
100221,Movie_100221,Telugu,2025,Thriller|Family,tense,9.5,109,41456
100222,Movie_100222,Bengali,2026,Biopic,inspired,8.4,157,20790
100223,Movie_100223,Bengali,2026,Crime,suspense,6.4,110,95815
100224,Movie_100224,Marathi,2025,Drama|Sci-Fi,sad,6.3,120,233888
100225,Movie_100225,Bengali,2026,Thriller|Biopic,tense,5.7,150,474942
100226,Movie_100226,Telugu,2025,Fantasy|Comedy,wonder,8.4,154,277540
100227,Movie_100227,Tamil,2026,Crime,suspense,5.2,122,28357
100228,Movie_100228,Bengali,2026,Biopic|Action,inspired,8.1,156,447256
100229,Movie_100229,Telugu,2025,Romance,romantic,5.9,155,78253
100230,Movie_100230,Hindi,2026,Fantasy,wonder,8.9,93,218525
100231,Movie_100231,Malayalam,2025,Thriller|Sci-Fi,tense,9.5,137,118722
100232,Movie_100232,Telugu,2025,Family,warm,6.2,108,73141
100233,Movie_100233,Telugu,2025,Romance|Fantasy,romantic,6.7,90,475930
100234,Movie_100234,Hindi,2025,Thriller|Romance,tense,7.2,167,277704
100235,Movie_100235,Hindi,2026,Thriller|Comedy,tense,5.1,120,221109
100236,Movie_100236,Hindi,2026,Fantasy,wonder,7.5,92,332326
100237,Movie_100237,Marathi,2025,Comedy,happy,6.6,168,185977
100238,Movie_100238,Kannada,2025,Romance|Action,romantic,7.1,136,36483
100239,Movie_100239,Malayalam,2025,Drama|Sci-Fi,sad,9.4,122,392809
100240,Movie_100240,Telugu,2025,Horror,fear,5.7,174,330387
100241,Movie_100241,Bengali,2025,Romance|Drama,romantic,6.3,133,427512
100242,Movie_100242,Bengali,2025,Fantasy|Romance,wonder,8.6,98,376413
100243,Movie_100243,Hindi,2026,Thriller|Drama,tense,8.5,95,166463
100244,Movie_100244,Kannada,2026,Biopic|Fantasy,inspired,5.8,172,101193
100245,Movie_100245,Telugu,2026,Family,warm,6.2,105,420085
100246,Movie_100246,Malayalam,2026,Fantasy|Sci-Fi,wonder,6.2,113,261153
100247,Movie_100247,Telugu,2026,Action|Sci-Fi,excited,4.9,167,432143
100248,Movie_100248,Kannada,2025,Horror|Action,fear,4.9,174,156000
100249,Movie_100249,Malayalam,2026,Romance|Fantasy,romantic,6.3,95,382060
100250,Movie_100250,Kannada,2026,Comedy|Drama,happy,4.9,171,213971
100251,Movie_100251,Kannada,2026,Drama,sad,5.2,167,356513
100252,Movie_100252,Hindi,2026,Action,excited,5.7,172,193061
100253,Movie_100253,Malayalam,2026,Crime,suspense,5.3,147,498456
100254,Movie_100254,Telugu,2026,Action|Crime,excited,5.2,136,209684
100255,Movie_100255,Marathi,2026,Thriller|Action,tense,4.6,113,262642
100256,Movie_100256,Kannada,2026,Comedy,happy,8.4,180,234975
100257,Movie_100257,Kannada,2025,Fantasy|Thriller,wonder,5.1,99,238000
100258,Movie_100258,Marathi,2025,Action|Horror,excited,7.8,180,35046
100259,Movie_100259,Telugu,2026,Family,warm,5.4,136,267734
100260,Movie_100260,Hindi,2025,Romance,romantic,5.7,153,14780
100261,Movie_100261,Kannada,2026,Fantasy|Biopic,wonder,5.1,101,35470
100262,Movie_100262,Malayalam,2026,Biopic|Sci-Fi,inspired,8.3,163,39666
100263,Movie_100263,Telugu,2025,Fantasy,wonder,6.8,156,181624
100264,Movie_100264,Bengali,2025,Romance,romantic,6.7,97,436888
100265,Movie_100265,Kannada,2025,Comedy,happy,5.3,131,491071
100266,Movie_100266,Telugu,2025,Action|Comedy,excited,5.5,160,144891
100267,Movie_100267,Marathi,2025,Crime|Biopic,suspense,5.0,172,89413
100268,Movie_100268,Tamil,2025,Crime|Drama,suspense,8.6,93,43584
100269,Movie_100269,Marathi,2025,Family|Thriller,warm,8.3,143,325066
100270,Movie_100270,Malayalam,2025,Family|Comedy,warm,6.9,177,213909
100271,Movie_100271,Malayalam,2026,Drama,sad,5.3,143,254887
100272,Movie_100272,Tamil,2026,Crime|Romance,suspense,6.1,130,385932
100273,Movie_100273,Malayalam,2026,Horror,fear,7.1,103,168308
100274,Movie_100274,Malayalam,2025,Comedy,happy,6.7,108,51757
100275,Movie_100275,Telugu,2025,Crime|Sci-Fi,suspense,5.7,110,427496
100276,Movie_100276,Kannada,2026,Thriller|Romance,tense,7.0,155,245745
100277,Movie_100277,Telugu,2026,Drama|Action,sad,9.2,154,240720
100278,Movie_100278,Tamil,2025,Drama|Family,sad,5.9,166,463599
100279,Movie_100279,Telugu,2026,Action,excited,6.7,123,382423
100280,Movie_100280,Bengali,2026,Horror|Drama,fear,6.5,162,295553
100281,Movie_100281,Telugu,2025,Action|Sci-Fi,excited,7.0,160,147654
100282,Movie_100282,Tamil,2025,Sci-Fi,curious,6.4,133,293464
100283,Movie_100283,Bengali,2026,Thriller,tense,7.5,141,263184
100284,Movie_100284,Hindi,2025,Romance,romantic,8.1,150,273279
100285,Movie_100285,Tamil,2026,Horror,fear,9.2,130,86197
100286,Movie_100286,Kannada,2026,Crime|Horror,suspense,7.0,155,280099
100287,Movie_100287,Marathi,2026,Fantasy|Drama,wonder,6.3,176,58464
100288,Movie_100288,Kannada,2026,Family|Drama,warm,7.5,123,344718
100289,Movie_100289,Marathi,2025,Crime,suspense,6.9,157,330790
100290,Movie_100290,Tamil,2026,Drama,sad,7.4,179,58616
100291,Movie_100291,Hindi,2025,Horror|Sci-Fi,fear,5.3,178,107897
100292,Movie_100292,Kannada,2026,Drama|Romance,sad,7.1,161,171419
100293,Movie_100293,Kannada,2026,Horror|Romance,fear,6.8,158,180477
100294,Movie_100294,Marathi,2026,Crime|Fantasy,suspense,5.5,121,147279
100295,Movie_100295,Tamil,2026,Comedy|Thriller,happy,8.0,152,167220
100296,Movie_100296,Telugu,2026,Comedy|Action,happy,7.4,159,200069
100297,Movie_100297,Bengali,2026,Romance|Comedy,romantic,4.7,100,182594
100298,Movie_100298,Marathi,2026,Fantasy|Thriller,wonder,5.5,158,143151
100299,Movie_100299,Tamil,2026,Crime,suspense,8.2,120,128117
100300,Movie_100300,Marathi,2025,Family,warm,5.7,102,217688
100301,Movie_100301,Marathi,2026,Action|Romance,excited,4.5,160,488115
100302,Movie_100302,Malayalam,2025,Fantasy|Thriller,wonder,8.3,126,169384
100303,Movie_100303,Marathi,2026,Action,excited,7.8,119,281573
100304,Movie_100304,Tamil,2025,Romance|Drama,romantic,9.5,140,414118
100305,Movie_100305,Tamil,2026,Drama|Family,sad,6.0,167,57256
100306,Movie_100306,Telugu,2026,Family|Biopic,warm,7.1,107,447200
100307,Movie_100307,Telugu,2026,Action,excited,6.2,148,340888
100308,Movie_100308,Marathi,2026,Drama,sad,8.2,127,298680
100309,Movie_100309,Tamil,2025,Sci-Fi|Biopic,curious,6.1,141,351882
100310,Movie_100310,Tamil,2025,Fantasy,wonder,6.1,121,4580
100311,Movie_100311,Malayalam,2026,Fantasy,wonder,8.3,132,159306
100312,Movie_100312,Telugu,2025,Thriller|Drama,tense,7.8,149,161854
100313,Movie_100313,Malayalam,2025,Action|Comedy,excited,6.3,118,115886
100314,Movie_100314,Malayalam,2025,Fantasy,wonder,8.2,167,196887
100315,Movie_100315,Marathi,2026,Biopic|Thriller,inspired,8.3,177,396700
100316,Movie_100316,Kannada,2025,Biopic|Horror,inspired,4.9,162,59829
100317,Movie_100317,Bengali,2025,Crime,suspense,7.2,111,173028
100318,Movie_100318,Hindi,2026,Crime,suspense,6.9,155,234561
100319,Movie_100319,Malayalam,2025,Biopic,inspired,6.6,162,31270
100320,Movie_100320,Marathi,2026,Drama|Sci-Fi,sad,5.8,90,392016
100321,Movie_100321,Kannada,2025,Drama,sad,6.6,179,34428
100322,Movie_100322,Hindi,2025,Drama|Comedy,sad,6.5,107,402514
100323,Movie_100323,Telugu,2026,Fantasy|Sci-Fi,wonder,6.4,177,347969
100324,Movie_100324,Marathi,2025,Action|Romance,excited,9.5,140,278265
100325,Movie_100325,Marathi,2025,Drama,sad,8.3,128,243747
100326,Movie_100326,Kannada,2026,Thriller|Family,tense,6.8,109,145519
100327,Movie_100327,Marathi,2025,Drama,sad,8.5,143,323396
100328,Movie_100328,Tamil,2025,Action,excited,5.0,94,235063
100329,Movie_100329,Tamil,2025,Sci-Fi,curious,6.7,159,114911
100330,Movie_100330,Tamil,2025,Thriller|Crime,tense,6.1,166,406032
100331,Movie_100331,Tamil,2026,Romance|Biopic,romantic,5.6,128,145259
100332,Movie_100332,Kannada,2025,Family,warm,7.9,161,260848
100333,Movie_100333,Telugu,2025,Biopic|Horror,inspired,8.0,142,79233
100334,Movie_100334,Malayalam,2026,Biopic,inspired,6.9,118,158672
100335,Movie_100335,Bengali,2025,Drama|Biopic,sad,6.6,143,293178
100336,Movie_100336,Malayalam,2025,Comedy,happy,5.5,172,42455
100337,Movie_100337,Bengali,2026,Action|Biopic,excited,8.1,114,28020
100338,Movie_100338,Malayalam,2026,Action,excited,5.4,165,380744
100339,Movie_100339,Malayalam,2025,Horror,fear,6.0,91,112048
100340,Movie_100340,Marathi,2025,Fantasy,wonder,9.1,179,317880
100341,Movie_100341,Malayalam,2025,Biopic,inspired,6.1,126,200576
100342,Movie_100342,Kannada,2026,Comedy|Family,happy,6.3,153,245320
100343,Movie_100343,Bengali,2025,Horror|Thriller,fear,6.4,142,24968
100344,Movie_100344,Marathi,2025,Drama,sad,5.8,164,304637
100345,Movie_100345,Telugu,2026,Thriller,tense,6.1,138,299733
100346,Movie_100346,Malayalam,2025,Comedy|Fantasy,happy,9.3,172,388760
100347,Movie_100347,Malayalam,2026,Horror,fear,5.3,159,257018
100348,Movie_100348,Kannada,2025,Biopic,inspired,4.7,99,496550
100349,Movie_100349,Bengali,2025,Sci-Fi,curious,5.2,170,122337
100350,Movie_100350,Marathi,2025,Drama,sad,5.6,148,196664
100351,Movie_100351,Kannada,2025,Family|Fantasy,warm,4.6,158,290220
100352,Movie_100352,Hindi,2026,Biopic,inspired,8.1,158,151307
100353,Movie_100353,Kannada,2025,Romance|Action,romantic,9.1,157,79065
100354,Movie_100354,Tamil,2025,Horror|Comedy,fear,8.5,100,196586
100355,Movie_100355,Malayalam,2026,Thriller,tense,6.0,100,343745
100356,Movie_100356,Hindi,2025,Sci-Fi|Family,curious,7.3,97,334839
100357,Movie_100357,Marathi,2025,Action,excited,7.0,145,339117
100358,Movie_100358,Kannada,2026,Biopic,inspired,9.1,119,111843
100359,Movie_100359,Telugu,2026,Action,excited,7.9,125,472498
100360,Movie_100360,Tamil,2025,Drama|Thriller,sad,7.4,140,487997
100361,Movie_100361,Telugu,2025,Crime,suspense,5.7,139,355961
100362,Movie_100362,Malayalam,2026,Action,excited,7.0,134,29152
100363,Movie_100363,Malayalam,2025,Action,excited,6.2,168,313270
100364,Movie_100364,Bengali,2026,Drama|Comedy,sad,8.4,147,258217
100365,Movie_100365,Telugu,2025,Sci-Fi|Romance,curious,7.9,174,200267
100366,Movie_100366,Bengali,2025,Thriller|Action,tense,4.9,109,200229
100367,Movie_100367,Marathi,2025,Horror|Family,fear,5.0,90,495382
100368,Movie_100368,Malayalam,2026,Comedy|Action,happy,5.2,113,226957
100369,Movie_100369,Kannada,2026,Action|Drama,excited,4.9,160,49792
100370,Movie_100370,Bengali,2026,Drama|Comedy,sad,6.6,100,381026
100371,Movie_100371,Kannada,2025,Family,warm,6.4,107,141990
100372,Movie_100372,Telugu,2026,Romance|Action,romantic,5.3,125,221778
100373,Movie_100373,Malayalam,2026,Horror,fear,5.8,121,378958
100374,Movie_100374,Kannada,2026,Fantasy,wonder,5.0,128,4548
100375,Movie_100375,Telugu,2026,Horror|Fantasy,fear,6.2,173,312633
100376,Movie_100376,Telugu,2025,Crime|Thriller,suspense,6.9,112,209792
100377,Movie_100377,Telugu,2026,Crime|Thriller,suspense,6.1,125,429078
100378,Movie_100378,Telugu,2026,Crime,suspense,5.5,159,95333
100379,Movie_100379,Marathi,2025,Thriller|Fantasy,tense,8.5,178,37259
100380,Movie_100380,Marathi,2026,Romance|Comedy,romantic,5.7,174,81815
100381,Movie_100381,Bengali,2026,Action|Fantasy,excited,9.5,151,306263
100382,Movie_100382,Kannada,2026,Biopic|Drama,inspired,8.5,136,368858
100383,Movie_100383,Hindi,2025,Family,warm,7.8,111,340214
100384,Movie_100384,Kannada,2025,Horror|Sci-Fi,fear,5.0,102,136653
100385,Movie_100385,Kannada,2025,Fantasy,wonder,6.4,149,405929
100386,Movie_100386,Telugu,2025,Fantasy,wonder,5.0,143,483632
100387,Movie_100387,Hindi,2025,Horror,fear,6.1,148,412183
100388,Movie_100388,Kannada,2025,Horror|Fantasy,fear,5.0,179,238212
100389,Movie_100389,Hindi,2026,Drama|Action,sad,4.6,133,340722
100390,Movie_100390,Marathi,2025,Thriller,tense,7.1,160,84957
100391,Movie_100391,Kannada,2026,Fantasy|Thriller,wonder,8.5,170,97705
100392,Movie_100392,Marathi,2025,Sci-Fi|Drama,curious,8.2,115,236706
100393,Movie_100393,Malayalam,2026,Thriller,tense,5.5,180,425007
100394,Movie_100394,Kannada,2025,Biopic,inspired,5.4,131,104323
100395,Movie_100395,Hindi,2026,Family|Fantasy,warm,7.1,171,165314
100396,Movie_100396,Kannada,2026,Crime|Action,suspense,6.2,148,324675
100397,Movie_100397,Bengali,2025,Crime|Family,suspense,4.9,107,165199
100398,Movie_100398,Tamil,2025,Action|Romance,excited,6.4,108,268819
100399,Movie_100399,Malayalam,2026,Crime,suspense,6.4,113,256155
100400,Movie_100400,Kannada,2025,Fantasy,wonder,5.9,113,165930
100401,Movie_100401,Kannada,2026,Horror,fear,9.3,152,72583
100402,Movie_100402,Bengali,2025,Biopic|Family,inspired,7.8,142,359978
100403,Movie_100403,Malayalam,2026,Fantasy|Romance,wonder,4.9,93,418270
100404,Movie_100404,Telugu,2025,Comedy,happy,5.6,126,89189
100405,Movie_100405,Kannada,2026,Biopic|Family,inspired,5.1,104,141450
100406,Movie_100406,Kannada,2026,Fantasy,wonder,7.2,144,54695
100407,Movie_100407,Telugu,2025,Fantasy,wonder,5.8,101,231199
100408,Movie_100408,Bengali,2025,Thriller,tense,8.6,165,362304
100409,Movie_100409,Bengali,2026,Romance|Crime,romantic,5.2,116,427523
100410,Movie_100410,Bengali,2025,Crime,suspense,6.3,125,313925
100411,Movie_100411,Telugu,2025,Comedy|Crime,happy,5.8,155,472940
100412,Movie_100412,Tamil,2025,Drama|Comedy,sad,8.8,106,368749
100413,Movie_100413,Tamil,2025,Horror,fear,8.6,176,206888
100414,Movie_100414,Tamil,2026,Family|Sci-Fi,warm,6.4,99,333203
100415,Movie_100415,Malayalam,2025,Horror|Fantasy,fear,9.3,131,306112
100416,Movie_100416,Bengali,2025,Fantasy,wonder,7.7,179,188811
100417,Movie_100417,Bengali,2025,Thriller|Sci-Fi,tense,8.6,153,141790
100418,Movie_100418,Bengali,2026,Horror|Biopic,fear,7.4,162,447914
100419,Movie_100419,Bengali,2026,Family|Drama,warm,4.7,170,411983
100420,Movie_100420,Hindi,2026,Romance,romantic,6.7,90,225290
100421,Movie_100421,Marathi,2025,Family,warm,6.0,125,49937
100422,Movie_100422,Telugu,2026,Horror,fear,7.8,173,87782
100423,Movie_100423,Malayalam,2025,Thriller|Sci-Fi,tense,7.8,180,50903
100424,Movie_100424,Tamil,2025,Action|Romance,excited,7.5,156,357506
100425,Movie_100425,Hindi,2026,Horror,fear,8.6,144,364872
100426,Movie_100426,Malayalam,2025,Thriller,tense,6.4,103,55107
100427,Movie_100427,Telugu,2026,Romance|Sci-Fi,romantic,8.4,107,337370
100428,Movie_100428,Hindi,2025,Crime,suspense,7.8,146,185123
100429,Movie_100429,Marathi,2025,Sci-Fi,curious,7.6,146,451868
100430,Movie_100430,Hindi,2025,Romance,romantic,8.3,165,383735
100431,Movie_100431,Telugu,2026,Horror|Romance,fear,5.7,172,45170
100432,Movie_100432,Kannada,2025,Drama|Comedy,sad,5.5,167,268136
100433,Movie_100433,Marathi,2025,Comedy|Drama,happy,8.4,120,260463
100434,Movie_100434,Hindi,2026,Fantasy,wonder,7.7,99,277974
100435,Movie_100435,Telugu,2025,Romance|Sci-Fi,romantic,8.8,162,221653
100436,Movie_100436,Kannada,2026,Fantasy,wonder,9.3,99,9750
100437,Movie_100437,Hindi,2025,Thriller|Drama,tense,9.1,140,266609
100438,Movie_100438,Marathi,2026,Sci-Fi|Family,curious,4.9,158,282886
100439,Movie_100439,Telugu,2025,Comedy,happy,4.9,116,424656
100440,Movie_100440,Kannada,2025,Sci-Fi|Crime,curious,7.7,173,358069
100441,Movie_100441,Telugu,2025,Thriller|Drama,tense,5.7,145,61810
100442,Movie_100442,Kannada,2026,Comedy,happy,7.8,174,389318
100443,Movie_100443,Hindi,2025,Romance,romantic,8.0,110,261263
100444,Movie_100444,Kannada,2026,Romance|Horror,romantic,5.1,124,385269
100445,Movie_100445,Bengali,2025,Horror,fear,8.5,124,275650
100446,Movie_100446,Telugu,2025,Fantasy,wonder,6.8,136,30066
100447,Movie_100447,Bengali,2026,Horror,fear,5.3,103,469854
100448,Movie_100448,Tamil,2025,Drama,sad,8.8,91,129215
100449,Movie_100449,Malayalam,2025,Sci-Fi|Romance,curious,5.4,94,290860
100450,Movie_100450,Tamil,2026,Thriller|Sci-Fi,tense,9.1,130,143217
100451,Movie_100451,Kannada,2025,Action|Biopic,excited,7.9,96,95028
100452,Movie_100452,Bengali,2025,Sci-Fi,curious,4.8,149,455050
100453,Movie_100453,Bengali,2026,Horror|Action,fear,7.3,91,194419
100454,Movie_100454,Telugu,2025,Crime|Thriller,suspense,6.8,165,259663
100455,Movie_100455,Marathi,2025,Romance,romantic,4.5,142,13535
100456,Movie_100456,Kannada,2025,Family|Drama,warm,9.3,90,398897
100457,Movie_100457,Bengali,2026,Action|Thriller,excited,7.1,120,221104
100458,Movie_100458,Hindi,2026,Comedy,happy,5.0,119,471437
100459,Movie_100459,Marathi,2026,Fantasy|Action,wonder,7.4,154,70999
100460,Movie_100460,Hindi,2026,Sci-Fi,curious,7.8,106,125136
100461,Movie_100461,Telugu,2026,Sci-Fi|Horror,curious,6.1,124,123479
100462,Movie_100462,Tamil,2025,Crime,suspense,5.0,103,87179
100463,Movie_100463,Malayalam,2026,Sci-Fi|Action,curious,7.2,116,237934
100464,Movie_100464,Malayalam,2026,Action|Family,excited,5.3,177,160496
100465,Movie_100465,Tamil,2025,Romance|Action,romantic,8.1,135,208746
100466,Movie_100466,Marathi,2025,Comedy|Romance,happy,4.7,141,449057
100467,Movie_100467,Kannada,2026,Action,excited,6.8,107,64676
100468,Movie_100468,Hindi,2025,Romance,romantic,5.5,141,196160
100469,Movie_100469,Kannada,2025,Action|Drama,excited,9.5,115,474167
100470,Movie_100470,Bengali,2026,Action,excited,9.0,132,65239
100471,Movie_100471,Malayalam,2025,Romance,romantic,9.1,145,431799
100472,Movie_100472,Malayalam,2026,Sci-Fi,curious,7.9,112,186568
100473,Movie_100473,Tamil,2025,Comedy|Fantasy,happy,8.9,94,322968
100474,Movie_100474,Marathi,2025,Fantasy|Sci-Fi,wonder,8.9,151,32970
100475,Movie_100475,Telugu,2025,Romance|Sci-Fi,romantic,5.5,157,131625
100476,Movie_100476,Malayalam,2025,Fantasy|Biopic,wonder,8.4,134,479505
100477,Movie_100477,Malayalam,2026,Romance|Drama,romantic,6.1,118,16363
100478,Movie_100478,Hindi,2026,Biopic|Horror,inspired,8.3,119,84689
100479,Movie_100479,Tamil,2025,Comedy,happy,7.2,97,401582
100480,Movie_100480,Kannada,2025,Horror|Romance,fear,5.4,165,167725
100481,Movie_100481,Kannada,2026,Horror,fear,9.2,162,75502
100482,Movie_100482,Bengali,2025,Biopic|Comedy,inspired,5.4,94,48320
100483,Movie_100483,Tamil,2025,Drama,sad,7.1,90,174924
100484,Movie_100484,Bengali,2025,Horror,fear,8.1,131,32224
100485,Movie_100485,Tamil,2025,Action,excited,8.7,136,39027
100486,Movie_100486,Marathi,2026,Crime|Action,suspense,6.2,131,72539
100487,Movie_100487,Marathi,2025,Family|Fantasy,warm,7.7,112,371767
100488,Movie_100488,Tamil,2026,Sci-Fi,curious,6.0,178,155411
100489,Movie_100489,Tamil,2025,Crime,suspense,6.5,162,17977
100490,Movie_100490,Kannada,2025,Crime|Thriller,suspense,7.7,103,492094
100491,Movie_100491,Tamil,2026,Action|Thriller,excited,6.2,130,89021
100492,Movie_100492,Bengali,2025,Fantasy|Drama,wonder,5.8,121,364423
100493,Movie_100493,Telugu,2025,Action|Drama,excited,4.7,146,385085
100494,Movie_100494,Tamil,2026,Fantasy|Sci-Fi,wonder,6.3,138,54177
100495,Movie_100495,Bengali,2026,Romance,romantic,6.8,94,155617
100496,Movie_100496,Telugu,2025,Action|Family,excited,6.2,138,85360
100497,Movie_100497,Kannada,2025,Horror,fear,7.5,168,469307
100498,Movie_100498,Marathi,2026,Sci-Fi,curious,9.2,111,319409
100499,Movie_100499,Tamil,2026,Action,excited,6.2,114,215580
100500,Movie_100500,Marathi,2026,Comedy|Thriller,happy,5.0,140,300772
100501,Movie_100501,Tamil,2026,Horror,fear,4.5,101,155428
100502,Movie_100502,Tamil,2026,Drama,sad,5.5,171,153993
100503,Movie_100503,Malayalam,2025,Comedy,happy,8.4,150,257427
100504,Movie_100504,Hindi,2026,Romance|Horror,romantic,8.9,137,98823
100505,Movie_100505,Hindi,2026,Fantasy|Family,wonder,5.8,124,296827
100506,Movie_100506,Tamil,2025,Action,excited,7.8,159,218048
100507,Movie_100507,Kannada,2025,Sci-Fi,curious,8.6,143,281763
100508,Movie_100508,Kannada,2026,Fantasy,wonder,6.0,140,474315
100509,Movie_100509,Kannada,2025,Action,excited,9.2,147,91638
100510,Movie_100510,Tamil,2025,Romance,romantic,4.7,100,359154
100511,Movie_100511,Tamil,2026,Crime,suspense,5.8,98,46627
100512,Movie_100512,Kannada,2026,Biopic|Horror,inspired,8.8,156,241206
100513,Movie_100513,Bengali,2025,Action|Sci-Fi,excited,5.2,162,309246
100514,Movie_100514,Hindi,2025,Comedy,happy,8.8,134,461269
100515,Movie_100515,Telugu,2026,Family|Fantasy,warm,7.4,150,20642
100516,Movie_100516,Telugu,2025,Romance|Crime,romantic,7.5,178,211616
100517,Movie_100517,Malayalam,2025,Thriller|Drama,tense,8.2,124,471302
100518,Movie_100518,Hindi,2026,Comedy|Family,happy,5.9,152,450962
100519,Movie_100519,Bengali,2025,Romance,romantic,6.0,146,406815
100520,Movie_100520,Telugu,2026,Crime|Action,suspense,5.4,117,479901
100521,Movie_100521,Marathi,2026,Biopic|Horror,inspired,8.6,155,415968
100522,Movie_100522,Hindi,2025,Biopic|Sci-Fi,inspired,5.2,157,462023
100523,Movie_100523,Tamil,2025,Thriller,tense,8.7,121,18338
100524,Movie_100524,Hindi,2026,Thriller|Comedy,tense,6.3,149,265831
100525,Movie_100525,Marathi,2026,Family,warm,4.7,137,257265
100526,Movie_100526,Tamil,2026,Crime|Biopic,suspense,6.2,110,440171
100527,Movie_100527,Marathi,2026,Comedy,happy,4.6,96,86410
100528,Movie_100528,Bengali,2025,Family,warm,5.6,116,142077
100529,Movie_100529,Kannada,2026,Family,warm,4.5,106,340409
100530,Movie_100530,Kannada,2025,Thriller,tense,5.8,129,374681
100531,Movie_100531,Malayalam,2026,Horror|Fantasy,fear,5.8,149,159411
100532,Movie_100532,Kannada,2026,Drama,sad,7.1,174,443123
100533,Movie_100533,Kannada,2026,Comedy|Action,happy,6.9,133,145956
100534,Movie_100534,Bengali,2026,Comedy|Family,happy,5.4,156,402329
100535,Movie_100535,Hindi,2025,Family|Horror,warm,7.9,93,344618
100536,Movie_100536,Telugu,2026,Sci-Fi|Family,curious,6.4,94,306672
100537,Movie_100537,Telugu,2025,Family,warm,7.2,150,476280
100538,Movie_100538,Kannada,2026,Romance|Biopic,romantic,5.4,102,247824
100539,Movie_100539,Marathi,2025,Biopic|Romance,inspired,9.2,132,344112
100540,Movie_100540,Tamil,2025,Thriller|Comedy,tense,6.6,132,195868
100541,Movie_100541,Kannada,2026,Fantasy|Action,wonder,6.9,171,306961
100542,Movie_100542,Malayalam,2025,Biopic,inspired,5.1,177,201104
100543,Movie_100543,Malayalam,2026,Romance,romantic,5.2,115,180657
100544,Movie_100544,Kannada,2026,Romance|Horror,romantic,8.8,113,409389
100545,Movie_100545,Malayalam,2025,Family|Romance,warm,6.1,97,3471
100546,Movie_100546,Telugu,2026,Romance,romantic,7.4,110,257679
100547,Movie_100547,Tamil,2025,Family|Sci-Fi,warm,6.5,151,201968
100548,Movie_100548,Hindi,2025,Horror,fear,9.3,131,397806
100549,Movie_100549,Hindi,2025,Family,warm,8.2,118,364606
100550,Movie_100550,Telugu,2026,Action,excited,6.4,165,161492
100551,Movie_100551,Hindi,2025,Comedy,happy,9.2,148,382593
100552,Movie_100552,Malayalam,2026,Horror,fear,9.5,152,189350
100553,Movie_100553,Tamil,2025,Drama|Thriller,sad,5.6,106,111724
100554,Movie_100554,Kannada,2025,Action,excited,6.3,173,416302
100555,Movie_100555,Malayalam,2025,Biopic|Crime,inspired,4.7,96,348062
100556,Movie_100556,Marathi,2025,Drama,sad,7.9,143,233948
100557,Movie_100557,Hindi,2026,Fantasy|Romance,wonder,5.5,177,331464
100558,Movie_100558,Telugu,2025,Family|Action,warm,7.8,124,327525
100559,Movie_100559,Malayalam,2025,Biopic,inspired,8.1,105,149219
100560,Movie_100560,Bengali,2025,Fantasy,wonder,5.5,115,408874
100561,Movie_100561,Bengali,2026,Horror,fear,8.0,127,85081
100562,Movie_100562,Kannada,2025,Thriller|Fantasy,tense,6.2,90,7684
100563,Movie_100563,Hindi,2025,Romance|Action,romantic,8.4,99,380355
100564,Movie_100564,Telugu,2025,Fantasy,wonder,9.4,127,139477
100565,Movie_100565,Hindi,2026,Romance,romantic,8.9,127,189856
100566,Movie_100566,Malayalam,2026,Action,excited,8.8,95,6071
100567,Movie_100567,Marathi,2025,Horror,fear,6.3,146,327005
100568,Movie_100568,Marathi,2026,Horror,fear,8.6,113,60680
100569,Movie_100569,Malayalam,2026,Comedy|Sci-Fi,happy,7.9,151,420377
100570,Movie_100570,Marathi,2026,Action,excited,5.2,97,495124
100571,Movie_100571,Hindi,2025,Crime|Fantasy,suspense,8.5,176,230723
100572,Movie_100572,Kannada,2025,Horror|Crime,fear,4.6,177,462347
100573,Movie_100573,Malayalam,2025,Action|Sci-Fi,excited,6.7,98,138160
100574,Movie_100574,Hindi,2026,Family,warm,8.9,156,275256
100575,Movie_100575,Malayalam,2025,Fantasy,wonder,6.2,176,337280
100576,Movie_100576,Tamil,2026,Drama,sad,7.7,110,266063
100577,Movie_100577,Bengali,2026,Romance|Action,romantic,8.3,131,127296
100578,Movie_100578,Telugu,2026,Biopic,inspired,5.6,172,199515
100579,Movie_100579,Bengali,2026,Action,excited,6.8,163,235932
100580,Movie_100580,Bengali,2025,Fantasy|Horror,wonder,5.1,153,391719
100581,Movie_100581,Hindi,2025,Sci-Fi|Drama,curious,7.3,90,434014
100582,Movie_100582,Bengali,2025,Biopic|Family,inspired,5.5,175,240184
100583,Movie_100583,Telugu,2026,Thriller,tense,8.7,132,294680
100584,Movie_100584,Marathi,2026,Fantasy|Action,wonder,5.0,174,117259
100585,Movie_100585,Telugu,2025,Family|Comedy,warm,7.2,137,369100
100586,Movie_100586,Hindi,2025,Fantasy,wonder,5.2,142,57078
100587,Movie_100587,Kannada,2026,Thriller,tense,5.1,140,114030
100588,Movie_100588,Bengali,2026,Horror,fear,5.0,143,25379
100589,Movie_100589,Bengali,2025,Fantasy|Crime,wonder,9.3,107,262529
100590,Movie_100590,Kannada,2025,Biopic,inspired,9.2,164,254195
100591,Movie_100591,Marathi,2025,Romance,romantic,5.0,174,315859
100592,Movie_100592,Kannada,2026,Sci-Fi|Crime,curious,9.1,121,144443
100593,Movie_100593,Telugu,2026,Fantasy|Romance,wonder,5.2,167,368009
100594,Movie_100594,Bengali,2026,Biopic|Thriller,inspired,5.5,169,375543
100595,Movie_100595,Marathi,2026,Family|Romance,warm,9.4,173,94225
100596,Movie_100596,Marathi,2026,Horror,fear,7.3,164,300178
100597,Movie_100597,Marathi,2026,Sci-Fi|Drama,curious,7.1,93,200685
100598,Movie_100598,Hindi,2025,Thriller,tense,5.8,110,151269
100599,Movie_100599,Tamil,2026,Comedy,happy,5.5,159,17937
100600,Movie_100600,Bengali,2026,Action|Crime,excited,8.8,161,454426
100601,Movie_100601,Marathi,2025,Thriller|Biopic,tense,8.4,179,151805
100602,Movie_100602,Malayalam,2025,Sci-Fi|Horror,curious,9.3,96,7797
100603,Movie_100603,Tamil,2026,Thriller|Horror,tense,8.3,159,388160
100604,Movie_100604,Bengali,2025,Comedy,happy,6.7,177,40043
100605,Movie_100605,Tamil,2025,Sci-Fi,curious,4.7,125,292817
100606,Movie_100606,Tamil,2026,Crime,suspense,8.7,90,174310
100607,Movie_100607,Marathi,2026,Drama,sad,5.3,131,313937
100608,Movie_100608,Bengali,2025,Fantasy|Crime,wonder,7.3,99,412058
100609,Movie_100609,Kannada,2026,Romance,romantic,7.1,154,84556
100610,Movie_100610,Kannada,2026,Action|Horror,excited,5.6,117,348778
100611,Movie_100611,Telugu,2026,Comedy|Thriller,happy,9.3,169,279134
100612,Movie_100612,Kannada,2026,Action,excited,7.8,147,127011
100613,Movie_100613,Hindi,2025,Sci-Fi|Action,curious,6.4,159,380571
100614,Movie_100614,Hindi,2026,Biopic|Family,inspired,6.7,95,156416
100615,Movie_100615,Telugu,2025,Action,excited,5.3,158,280553
100616,Movie_100616,Marathi,2025,Thriller,tense,7.9,117,454483
100617,Movie_100617,Bengali,2026,Thriller,tense,7.2,179,461658
100618,Movie_100618,Marathi,2026,Family,warm,5.3,148,376845
100619,Movie_100619,Hindi,2026,Action,excited,4.8,122,293596
100620,Movie_100620,Kannada,2025,Comedy,happy,6.5,147,331415
100621,Movie_100621,Malayalam,2026,Drama|Sci-Fi,sad,7.9,158,4092
100622,Movie_100622,Bengali,2025,Action,excited,6.3,154,56645
100623,Movie_100623,Bengali,2026,Crime|Action,suspense,5.9,146,200970
100624,Movie_100624,Bengali,2026,Fantasy,wonder,5.3,118,72503
100625,Movie_100625,Bengali,2026,Family|Romance,warm,6.0,172,196627
100626,Movie_100626,Kannada,2025,Action,excited,4.7,163,313818
100627,Movie_100627,Kannada,2026,Comedy,happy,5.6,134,112011
100628,Movie_100628,Marathi,2026,Romance,romantic,5.4,168,438648
100629,Movie_100629,Tamil,2026,Romance,romantic,7.9,162,447825
100630,Movie_100630,Bengali,2025,Family|Biopic,warm,4.9,175,36317
100631,Movie_100631,Hindi,2026,Crime,suspense,6.9,132,188243
100632,Movie_100632,Marathi,2025,Action,excited,5.9,98,472921
100633,Movie_100633,Telugu,2025,Fantasy|Horror,wonder,7.6,129,364571
100634,Movie_100634,Kannada,2025,Horror|Sci-Fi,fear,5.3,130,130066
100635,Movie_100635,Marathi,2025,Comedy|Horror,happy,5.2,132,461265
100636,Movie_100636,Malayalam,2026,Horror|Comedy,fear,6.9,103,93154
100637,Movie_100637,Bengali,2025,Romance|Biopic,romantic,5.5,170,41088
100638,Movie_100638,Hindi,2025,Crime,suspense,7.4,165,112547
100639,Movie_100639,Kannada,2025,Biopic|Family,inspired,6.9,109,192794
100640,Movie_100640,Tamil,2026,Romance|Fantasy,romantic,7.0,101,209029
100641,Movie_100641,Kannada,2026,Family,warm,5.7,168,359697
100642,Movie_100642,Bengali,2025,Fantasy,wonder,5.3,162,498398
100643,Movie_100643,Marathi,2025,Horror|Drama,fear,5.6,152,122503
100644,Movie_100644,Telugu,2025,Thriller|Drama,tense,7.8,156,476909
100645,Movie_100645,Malayalam,2026,Fantasy|Drama,wonder,4.7,173,170906
100646,Movie_100646,Marathi,2025,Comedy|Crime,happy,7.2,112,198478
100647,Movie_100647,Telugu,2026,Biopic,inspired,5.8,118,271727
100648,Movie_100648,Telugu,2026,Fantasy|Family,wonder,8.9,90,264107
100649,Movie_100649,Malayalam,2025,Thriller,tense,4.9,172,148225
100650,Movie_100650,Tamil,2025,Romance,romantic,6.3,105,347611
100651,Movie_100651,Malayalam,2025,Action|Fantasy,excited,7.9,151,111469
100652,Movie_100652,Marathi,2025,Drama|Thriller,sad,4.7,163,311560
100653,Movie_100653,Tamil,2025,Crime,suspense,5.2,111,136402
100654,Movie_100654,Kannada,2025,Crime|Family,suspense,7.7,174,431599
100655,Movie_100655,Hindi,2026,Fantasy,wonder,7.5,150,455716
100656,Movie_100656,Tamil,2026,Sci-Fi,curious,7.5,164,431153
100657,Movie_100657,Kannada,2025,Romance|Horror,romantic,9.1,166,310642
100658,Movie_100658,Tamil,2025,Sci-Fi|Romance,curious,5.0,115,275051
100659,Movie_100659,Bengali,2026,Crime,suspense,5.0,150,473702
100660,Movie_100660,Bengali,2025,Action,excited,6.9,106,473899
100661,Movie_100661,Bengali,2025,Biopic|Sci-Fi,inspired,6.4,95,366765
100662,Movie_100662,Tamil,2026,Sci-Fi|Horror,curious,7.4,179,303053
100663,Movie_100663,Malayalam,2025,Comedy,happy,6.9,119,478146
100664,Movie_100664,Telugu,2025,Comedy|Thriller,happy,4.5,90,304031
100665,Movie_100665,Kannada,2025,Sci-Fi,curious,7.8,178,422678
100666,Movie_100666,Malayalam,2026,Action|Romance,excited,6.6,164,133976
100667,Movie_100667,Bengali,2026,Crime|Horror,suspense,7.6,177,209380
100668,Movie_100668,Malayalam,2025,Romance|Horror,romantic,7.3,151,134052
100669,Movie_100669,Kannada,2026,Sci-Fi|Romance,curious,8.8,174,63435
100670,Movie_100670,Malayalam,2025,Action,excited,5.6,141,413132
100671,Movie_100671,Bengali,2026,Romance,romantic,6.4,171,3773
100672,Movie_100672,Bengali,2025,Fantasy,wonder,9.1,145,47211
100673,Movie_100673,Telugu,2025,Horror,fear,4.9,94,380843
100674,Movie_100674,Malayalam,2026,Crime|Drama,suspense,9.2,112,336697
100675,Movie_100675,Malayalam,2026,Thriller,tense,8.8,156,150949
100676,Movie_100676,Hindi,2025,Crime,suspense,5.3,94,189607
100677,Movie_100677,Marathi,2025,Romance,romantic,4.9,125,409773
100678,Movie_100678,Telugu,2026,Sci-Fi|Crime,curious,5.5,91,387361
100679,Movie_100679,Hindi,2025,Biopic|Crime,inspired,6.2,125,119644
100680,Movie_100680,Malayalam,2025,Crime|Drama,suspense,5.8,142,266414
100681,Movie_100681,Kannada,2025,Biopic,inspired,6.0,104,421972
100682,Movie_100682,Kannada,2026,Fantasy|Sci-Fi,wonder,7.3,121,398134
100683,Movie_100683,Bengali,2026,Family|Fantasy,warm,9.0,93,253691
100684,Movie_100684,Telugu,2025,Sci-Fi,curious,7.7,118,355897
100685,Movie_100685,Bengali,2025,Sci-Fi|Horror,curious,7.1,91,368430
100686,Movie_100686,Tamil,2026,Action|Sci-Fi,excited,7.9,133,40860
100687,Movie_100687,Malayalam,2025,Horror|Thriller,fear,9.0,124,96831
100688,Movie_100688,Malayalam,2025,Thriller,tense,8.2,123,109411
100689,Movie_100689,Tamil,2025,Crime,suspense,6.3,103,63850
100690,Movie_100690,Marathi,2025,Crime|Drama,suspense,8.3,159,23158
100691,Movie_100691,Telugu,2026,Fantasy|Crime,wonder,8.8,152,96877
100692,Movie_100692,Malayalam,2026,Crime,suspense,5.1,157,420047
100693,Movie_100693,Malayalam,2026,Biopic,inspired,6.2,177,407797
100694,Movie_100694,Malayalam,2025,Biopic,inspired,6.8,178,5413
100695,Movie_100695,Marathi,2025,Sci-Fi,curious,7.4,131,190583
100696,Movie_100696,Tamil,2026,Thriller|Comedy,tense,6.9,168,180881
100697,Movie_100697,Tamil,2026,Sci-Fi|Thriller,curious,6.6,137,192406
100698,Movie_100698,Telugu,2026,Romance|Crime,romantic,5.2,163,360667
100699,Movie_100699,Bengali,2025,Comedy,happy,8.5,161,227607
100700,Movie_100700,Tamil,2026,Romance,romantic,6.9,91,93593
100701,Movie_100701,Malayalam,2026,Family,warm,7.1,130,412740
100702,Movie_100702,Telugu,2026,Biopic|Crime,inspired,4.7,102,363043
100703,Movie_100703,Hindi,2025,Comedy,happy,6.9,170,51489
100704,Movie_100704,Marathi,2026,Comedy|Horror,happy,6.3,161,489554
100705,Movie_100705,Telugu,2026,Sci-Fi,curious,5.1,176,318496
100706,Movie_100706,Kannada,2025,Comedy,happy,6.3,176,268619
100707,Movie_100707,Bengali,2026,Action|Sci-Fi,excited,7.6,149,332199
100708,Movie_100708,Bengali,2025,Family,warm,8.5,133,222153
100709,Movie_100709,Bengali,2026,Action,excited,5.3,119,165354
100710,Movie_100710,Marathi,2026,Comedy|Crime,happy,7.7,124,466406
100711,Movie_100711,Bengali,2026,Crime|Biopic,suspense,9.3,142,88722
100712,Movie_100712,Bengali,2025,Romance,romantic,8.1,174,132935
100713,Movie_100713,Tamil,2025,Sci-Fi,curious,5.0,98,492149
100714,Movie_100714,Kannada,2026,Drama,sad,8.4,157,402078
100715,Movie_100715,Hindi,2025,Crime|Romance,suspense,4.9,139,163199
100716,Movie_100716,Tamil,2025,Fantasy|Romance,wonder,5.2,111,15979
100717,Movie_100717,Marathi,2025,Horror|Fantasy,fear,6.8,159,491134
100718,Movie_100718,Kannada,2026,Romance|Biopic,romantic,5.4,166,240360
100719,Movie_100719,Kannada,2026,Horror|Fantasy,fear,7.2,101,232662
100720,Movie_100720,Telugu,2026,Comedy|Romance,happy,6.0,90,275368
100721,Movie_100721,Telugu,2025,Fantasy|Biopic,wonder,4.5,152,497478
100722,Movie_100722,Telugu,2026,Sci-Fi,curious,8.5,166,122223
100723,Movie_100723,Kannada,2025,Thriller|Sci-Fi,tense,8.9,145,207963
100724,Movie_100724,Tamil,2025,Sci-Fi|Thriller,curious,5.8,144,328849
100725,Movie_100725,Kannada,2025,Comedy|Biopic,happy,8.5,142,99566
100726,Movie_100726,Tamil,2025,Comedy,happy,5.1,148,324868
100727,Movie_100727,Telugu,2026,Thriller|Horror,tense,4.6,96,281478
100728,Movie_100728,Tamil,2025,Comedy,happy,5.8,146,382213
100729,Movie_100729,Tamil,2025,Romance,romantic,4.6,117,180260
100730,Movie_100730,Telugu,2026,Horror|Fantasy,fear,8.0,94,174145
100731,Movie_100731,Bengali,2025,Drama,sad,5.8,140,38426
100732,Movie_100732,Tamil,2026,Comedy,happy,8.6,91,64942
100733,Movie_100733,Malayalam,2025,Thriller|Drama,tense,5.5,102,274226
100734,Movie_100734,Malayalam,2025,Family|Comedy,warm,9.2,110,330863
100735,Movie_100735,Marathi,2025,Comedy,happy,6.9,128,105188
100736,Movie_100736,Hindi,2026,Action,excited,5.7,145,171138
100737,Movie_100737,Tamil,2025,Crime|Action,suspense,6.5,121,5681
100738,Movie_100738,Kannada,2025,Crime|Romance,suspense,6.4,101,131402
100739,Movie_100739,Malayalam,2025,Family,warm,7.6,170,32484
100740,Movie_100740,Telugu,2025,Biopic,inspired,8.5,106,256770
100741,Movie_100741,Telugu,2025,Fantasy|Thriller,wonder,4.6,138,188782
100742,Movie_100742,Telugu,2025,Fantasy,wonder,8.0,161,155515
100743,Movie_100743,Tamil,2026,Biopic,inspired,6.2,149,145349
100744,Movie_100744,Hindi,2025,Fantasy,wonder,6.0,123,284957
100745,Movie_100745,Malayalam,2026,Family,warm,7.0,113,463910
100746,Movie_100746,Kannada,2025,Crime|Thriller,suspense,6.1,98,346133
100747,Movie_100747,Tamil,2026,Biopic|Romance,inspired,7.6,131,215855
100748,Movie_100748,Hindi,2026,Biopic,inspired,7.8,95,438881
100749,Movie_100749,Tamil,2025,Thriller,tense,5.0,114,52775
100750,Movie_100750,Kannada,2025,Family|Fantasy,warm,7.1,179,310487
100751,Movie_100751,Hindi,2026,Thriller|Crime,tense,8.1,91,488698
100752,Movie_100752,Marathi,2025,Action|Fantasy,excited,8.5,97,190229
100753,Movie_100753,Bengali,2026,Drama|Crime,sad,5.8,95,385984
100754,Movie_100754,Bengali,2025,Action|Thriller,excited,9.3,102,54071
100755,Movie_100755,Kannada,2025,Thriller|Family,tense,7.1,121,299858
100756,Movie_100756,Kannada,2025,Action|Crime,excited,6.3,148,369338
100757,Movie_100757,Hindi,2026,Romance,romantic,7.2,154,177953
100758,Movie_100758,Kannada,2025,Horror|Family,fear,7.3,131,443946
100759,Movie_100759,Malayalam,2026,Horror|Crime,fear,5.7,159,113159
100760,Movie_100760,Bengali,2026,Horror|Fantasy,fear,6.7,140,1102
100761,Movie_100761,Telugu,2025,Biopic,inspired,5.2,128,4443
100762,Movie_100762,Tamil,2026,Horror,fear,4.6,178,432141
100763,Movie_100763,Kannada,2026,Action,excited,4.7,135,82845
100764,Movie_100764,Telugu,2025,Crime|Thriller,suspense,5.7,128,49184
100765,Movie_100765,Kannada,2026,Action,excited,8.1,151,91650
100766,Movie_100766,Bengali,2026,Crime,suspense,7.7,94,384144
100767,Movie_100767,Hindi,2026,Horror,fear,6.2,145,219377
100768,Movie_100768,Bengali,2025,Family,warm,8.7,91,333339
100769,Movie_100769,Hindi,2026,Biopic|Drama,inspired,6.1,162,79423
100770,Movie_100770,Kannada,2026,Romance,romantic,4.8,140,234631
100771,Movie_100771,Tamil,2025,Comedy|Sci-Fi,happy,5.2,133,44277
100772,Movie_100772,Kannada,2026,Biopic,inspired,6.5,100,209942
100773,Movie_100773,Bengali,2026,Romance,romantic,6.9,115,256779
100774,Movie_100774,Marathi,2026,Biopic,inspired,7.6,157,130103
100775,Movie_100775,Hindi,2025,Sci-Fi|Horror,curious,7.9,163,47973
100776,Movie_100776,Marathi,2025,Sci-Fi|Horror,curious,6.2,131,181630
100777,Movie_100777,Bengali,2025,Romance|Horror,romantic,7.6,146,327726
100778,Movie_100778,Malayalam,2025,Thriller,tense,5.5,137,82784
100779,Movie_100779,Hindi,2025,Thriller,tense,9.2,108,456476
100780,Movie_100780,Hindi,2026,Action|Comedy,excited,6.8,92,174998
100781,Movie_100781,Marathi,2025,Thriller,tense,7.2,123,288729
100782,Movie_100782,Kannada,2026,Family,warm,4.6,164,476026
100783,Movie_100783,Telugu,2025,Drama,sad,5.9,179,324991
100784,Movie_100784,Hindi,2026,Family|Drama,warm,4.8,174,143244
100785,Movie_100785,Bengali,2026,Drama,sad,6.0,173,203649
100786,Movie_100786,Malayalam,2025,Horror,fear,6.9,166,279690
100787,Movie_100787,Tamil,2025,Biopic,inspired,9.3,161,486674
100788,Movie_100788,Hindi,2025,Biopic,inspired,6.0,152,207254
100789,Movie_100789,Hindi,2025,Family|Horror,warm,6.3,128,124839
100790,Movie_100790,Bengali,2026,Family,warm,5.8,139,467827
100791,Movie_100791,Kannada,2025,Thriller|Romance,tense,6.2,140,345421
100792,Movie_100792,Hindi,2025,Biopic|Crime,inspired,8.9,177,120237
100793,Movie_100793,Tamil,2026,Sci-Fi,curious,9.4,167,173640
100794,Movie_100794,Kannada,2026,Thriller,tense,7.8,164,284825
100795,Movie_100795,Bengali,2025,Comedy,happy,7.9,157,477872
100796,Movie_100796,Malayalam,2025,Family,warm,9.2,110,167459
100797,Movie_100797,Kannada,2025,Romance,romantic,6.1,108,382199
100798,Movie_100798,Bengali,2025,Sci-Fi|Family,curious,6.0,171,490291
100799,Movie_100799,Tamil,2026,Action,excited,5.2,93,400742
